<beans xmlns="http://www.springframework.org/schema/beans"
	xmlns:context="http://www.springframework.org/schema/context"
	xmlns:xsi="http://www.w3.org/2001/XMLSchema-instance"
	xmlns:mvc="http://www.springframework.org/schema/mvc"
	xsi:schemaLocation="
 http://www.springframework.org/schema/beans
 http://www.springframework.org/schema/beans/spring-beans-4.0.xsd
 http://www.springframework.org/schema/context
 http://www.springframework.org/schema/context/spring-context-4.0.xsd
 http://www.springframework.org/schema/mvc 
 http://www.springframework.org/schema/mvc/spring-mvc.xsd">

	<context:component-scan base-package="com.shop" />
	<import resource="classpath:spring.xml" />
	<!-- Used to serve static resources like css, images and javascript files -->
	<mvc:annotation-driven/>
	<context:annotation-config/>
			
    <mvc:resources mapping="/resources/**" location="/resources/" />
	<mvc:resources mapping="/bootstrap/**" location="/bootstrap/" />
	<mvc:resources mapping="/css/**" location="/css/" />
	<mvc:resources mapping="/fonts/**" location="/fonts/" />
	<mvc:resources mapping="/js/**" location="/js/" />
	<mvc:resources mapping="/css/**" location="/css/" />
	

	<!-- View Resolver use tiles -->
	<bean id="viewResolver"
		class="org.springframework.web.servlet.view.tiles3.TilesViewResolver" />
		
		<bean id="productTypeValidator" class="com.shop.validator.ProductTypeValidator" />

	<!-- Tiles configuration -->
	<bean id="tilesConfigurer"
		class="org.springframework.web.servlet.view.tiles3.TilesConfigurer">
		<property name="definitions">
			<list>
				<value>/WEB-INF/tiles/tiles-definitions.xml</value>				
			</list>
		</property>
	</bean>	
	
</beans>
