<?xml version="1.0" encoding="UTF-8" ?>
<!DOCTYPE tiles-definitions PUBLIC
       "-//Apache Software Foundation//DTD Tiles Configuration 3.0//EN"
       "http://tiles.apache.org/dtds/tiles-config_3_0.dtd">
       
<tiles-definitions>
	<definition name="defaultTemplate" template="/WEB-INF/pages/templates/customer/templates.jsp">
		<put-attribute name="titles" value=""></put-attribute>
		<put-attribute name="header" value="/WEB-INF/pages/templates/customer/header.jsp"></put-attribute>
		<!-- <put-attribute name="slider" value="/WEB-INF/pages/templates/customer/slider.jsp"></put-attribute> -->
		<!-- <put-attribute name="menu" value="/WEB-INF/pages/templates/customer/menu.jsp"></put-attribute> -->
		<put-attribute name="body" value=""></put-attribute>
		<put-attribute name="footer" value="/WEB-INF/pages/templates/customer/footer.jsp"></put-attribute>
	</definition>
	
	<definition name="loginTemplate" template="/WEB-INF/pages/templates/customer/LoginTemplate.jsp">
		<put-attribute name="titles" value=""></put-attribute>		
		<put-attribute name="body" value=""></put-attribute>
		<put-attribute name="footer" value=""></put-attribute>
	</definition>
	
	<definition name="show" extends="defaultTemplate">
		<put-attribute name="titles" value="Danh sách sản phẩm"/>		
		<put-attribute name="body" value="/WEB-INF/pages/show.jsp"></put-attribute>
	</definition>
	
	<definition name="daboard" extends="defaultTemplate">
		<put-attribute name="titles" value="Trang quản lý của nhân viên"/>		
		<put-attribute name="body" value="/WEB-INF/pages/DaboardEmployee.jsp"></put-attribute>
	</definition>		
		
		
	<definition name="admin" extends="defaultTemplate">
		<put-attribute name="titles" value="Trang của Chủ Cửa Hàng"/>		
		<put-attribute name="body" value="/WEB-INF/pages/AdminPage.jsp"></put-attribute>
	</definition>	
	
	
	<definition name="payment" extends="defaultTemplate">
		<put-attribute name="titles" value="Xác nhận đơn hàng"/>
		<put-attribute name="body" value="/WEB-INF/pages/payment.jsp"/>
	</definition>
	
	<definition name="newproduct" extends="defaultTemplate">
		<put-attribute name="titles" value="Form thêm sản phẩm mới"/>
		<put-attribute name="body" value="/WEB-INF/pages/productForm.jsp"/>
	</definition>
	
	
	
	<definition name="login" extends="loginTemplate">
		<put-attribute name="titles" value="Login"/>
		<put-attribute name="body" value="/WEB-INF/pages/login.jsp"></put-attribute>
	</definition>
	
	
	<definition name="showproduct" extends="loginTemplate">
		<put-attribute name="titles" value="Login"/>
		<put-attribute name="body" value="/WEB-INF/pages/showproduct.jsp"></put-attribute>
	</definition>
	
	<definition name="cart" extends="defaultTemplate">
		<put-attribute name="titles" value="Giỏ hàng"/>		
		<put-attribute name="body" value="/WEB-INF/pages/cart.jsp"></put-attribute>
	</definition>
</tiles-definitions>       
