<?xml version="1.0" encoding="UTF-8"?>
<beans xmlns="http://www.springframework.org/schema/beans"
	xmlns:context="http://www.springframework.org/schema/context"
	xmlns:xsi="http://www.w3.org/2001/XMLSchema-instance"
	xmlns:tx="http://www.springframework.org/schema/tx"	
	xsi:schemaLocation="
        http://www.springframework.org/schema/beans     
        http://www.springframework.org/schema/beans/spring-beans.xsd
        http://www.springframework.org/schema/tx 
		http://www.springframework.org/schema/tx/spring-tx.xsd
        http://www.springframework.org/schema/context 
        http://www.springframework.org/schema/context/spring-context.xsd">

	<bean id="dataSource" class="org.apache.commons.dbcp.BasicDataSource"
		destroy-method="close">
		<property name="driverClassName" value="com.mysql.jdbc.Driver" />
		<property name="url" value="jdbc:mysql://localhost:3306/shop?useUnicode=yes&amp;characterEncoding=UTF-8" />
		<property name="username" value="root" />
		<property name="password" value="" />
	</bean>

	<!-- ************ JPA configuration *********** -->
	<tx:annotation-driven transaction-manager="transactionManager" />  
    <bean id="transactionManager" class="org.springframework.orm.jpa.JpaTransactionManager">
        <property name="entityManagerFactory" ref="entityManagerFactory" />
        
    </bean>
    
	<bean id="entityManagerFactory" class="org.springframework.orm.jpa.LocalContainerEntityManagerFactoryBean">
		<property name="persistenceXmlLocation" value="classpath:persistence.xml" />
    	<property name="persistenceUnitName" value="testPU" />
    	<property name="dataSource" ref="dataSource" />
    		<property name="jpaVendorAdapter">
            <bean class="org.springframework.orm.jpa.vendor.HibernateJpaVendorAdapter">
                <property name="showSql" value="true" />
                <property name="databasePlatform" value="org.hibernate.dialect.MySQLDialect" />
            </bean>
        </property>
		
  	</bean>
</beans>